split,feature,positive_mean,negative_mean,effect_size,univariate_auc_abs,direction
train,device_count_per_tenure,0.021492691172222238,0.003883962878895341,1.7268950712318503,0.899805585664778,churn_up
train,devices_per_account_year,4.697144090014548,1.0507249533254384,1.805954211198041,0.8991963959752023,churn_up
train,device_count_per_sqrt_age,0.21385060013377072,0.05761764643076252,1.7355962128504017,0.8879923359471851,churn_up
train,device_count_asof,2.2616731517509727,0.9474996843035737,1.210460229021133,0.7936215993844287,churn_up
train,os_type_count,1.7431906614785992,0.8191059477206718,1.0912621372858065,0.7674932671902231,churn_up
train,device_type_count,1.5165369649805447,0.7642063391842404,1.0223155562857686,0.749990003970159,churn_up
train,account_age_days,91.73832684824903,216.98806667508524,-0.993925286701871,0.7426020473343184,churn_down
train,min_tenure_days,88.30739299610894,209.64518878646294,-0.9762090405940842,0.7359800076946398,churn_down
train,max_tenure_days,88.30739299610894,209.64518878646294,-0.9762090405940842,0.7359800076946398,churn_down
train,storage_change_rate_3m,-0.10186489172142797,-0.1990831651188489,0.41642530162538904,0.6492870665684609,churn_up
train,storage_utilization_ratio,0.1331938929951769,0.08912124027242445,0.1125193114415958,0.6270587675653737,churn_up
train,consecutive_storage_decline_months,0.6303501945525292,0.8573683545902261,-0.37285438453866104,0.5955502834388848,churn_down
train,storage_used_gb_latest,37.74060311284046,27.479306099254956,0.10748070879732659,0.5735729753786268,churn_up
train,avg_resolution_hours_90d,22.438957977816372,30.74104031508726,-0.16571161362348868,0.5511084107669926,churn_down
train,ticket_count_90d,0.4173151750972763,0.5699898977143578,-0.20392796339925381,0.5511061689538483,churn_down
train,login_count_prev30d,4.409533073929961,5.207033716378331,-0.1287359080014314,0.5499248102013431,churn_down
train,days_to_renewal,365.0,362.5404722818538,0.3598582630129245,0.5403302184619271,churn_up
train,ticket_change_rate,0.12046044098573283,0.07604856313026538,0.0978857999921709,0.5389856372866716,churn_up
train,days_since_last_activity,181.1079766536965,89.4925179946963,0.28871412496734145,0.5370326648758367,churn_up
train,action_count_30d,23.573929961089494,26.904533400681903,-0.10340634688419453,0.5308088081022688,churn_down
