feature,dtype
account_age_days,int64
login_count_30d,float64
login_count_prev30d,float64
login_change_rate_30d,float64
login_slope_90d,float64
active_days_30d,float64
active_days_change_rate,float64
active_minutes_30d,float64
active_minutes_change_rate,float64
action_count_30d,float64
action_count_change_rate,float64
days_since_last_activity,float64
storage_used_gb_latest,float64
storage_change_rate_1m,float64
storage_change_rate_3m,float64
storage_slope_90d,float64
consecutive_storage_decline_months,float64
storage_utilization_ratio,float64
payment_count_90d,float64
ticket_count_30d,float64
ticket_count_90d,float64
ticket_change_rate,float64
urgent_ticket_share,float64
unresolved_ticket_count,float64
downgrade_count_90d,float64
plan_change_count_90d,float64
active_sub_count_asof,int64
paid_sub_count_asof,int64
total_storage_limit_gb,int64
total_monthly_price,int64
min_tenure_days,int64
max_tenure_days,int64
days_since_last_activity_never,int64
failed_payment_count_30d,float64
failed_payment_count_90d,float64
payment_failure_rate_90d,float64
retry_count_90d,float64
overdue_count_90d,float64
days_since_last_failed_payment,float64
days_since_last_failed_payment_never,int64
avg_resolution_hours_90d,float64
days_since_last_downgrade,float64
days_since_last_downgrade_never,int64
days_to_renewal,float64
auto_renewal_off_flag,int64
device_count_asof,float64
device_type_count,float64
os_type_count,float64
devices_per_account_year,float64
device_count_per_tenure,float64
device_count_per_sqrt_age,float64
age_group_10대,bool
age_group_20대,bool
age_group_30대,bool
age_group_40대,bool
age_group_50대,bool
age_group_60대 이상,bool
region_강원,bool
region_경기,bool
region_경남,bool
region_경북,bool
region_광주,bool
region_대구,bool
region_대전,bool
region_부산,bool
region_서울,bool
region_세종,bool
region_울산,bool
region_인천,bool
region_전남,bool
region_전북,bool
region_제주,bool
region_충남,bool
region_충북,bool
signup_channel_ANDROID,bool
signup_channel_IOS,bool
signup_channel_WEB,bool
