feature,importance
device_count_per_tenure,200
devices_per_account_year,171
storage_utilization_ratio,168
account_age_days,166
min_tenure_days,129
storage_used_gb_latest,120
action_count_change_rate,117
days_since_last_activity,114
active_minutes_30d,113
active_minutes_change_rate,112
login_slope_90d,107
action_count_30d,95
storage_slope_90d,95
device_count_per_sqrt_age,87
login_change_rate_30d,80
storage_change_rate_1m,73
days_to_renewal,69
avg_resolution_hours_90d,58
storage_change_rate_3m,55
login_count_30d,49
days_since_last_failed_payment,47
total_monthly_price,40
login_count_prev30d,38
region_경기,37
active_days_change_rate,32
age_group_40대,29
days_since_last_downgrade,29
age_group_20대,28
payment_count_90d,28
auto_renewal_off_flag,28
active_days_30d,24
region_서울,24
age_group_30대,24
signup_channel_ANDROID,22
region_인천,22
os_type_count,21
signup_channel_IOS,21
ticket_change_rate,20
age_group_60대 이상,19
device_count_asof,17
signup_channel_WEB,17
retry_count_90d,17
paid_sub_count_asof,16
region_경북,15
ticket_count_30d,14
device_type_count,14
age_group_50대,13
unresolved_ticket_count,13
urgent_ticket_share,13
region_대전,11
region_대구,11
age_group_10대,11
payment_failure_rate_90d,10
days_since_last_downgrade_never,10
consecutive_storage_decline_months,10
ticket_count_90d,9
region_충남,9
region_충북,9
region_부산,8
region_광주,7
total_storage_limit_gb,7
region_강원,7
region_전북,4
region_전남,4
failed_payment_count_90d,3
region_제주,2
region_울산,2
days_since_last_activity_never,2
days_since_last_failed_payment_never,1
region_경남,1
failed_payment_count_30d,1
region_세종,1
overdue_count_90d,0
downgrade_count_90d,0
max_tenure_days,0
active_sub_count_asof,0
plan_change_count_90d,0
